id,title,group,row_type,one_liner,context
A,Meta-Orchestration & Governance Layer,,group,"Capa de sistemas que gobierna, coordina y vuelve operables múltiples proyectos y rutinas de trabajo.","Este grupo reúne proyectos orientados a gobernar la operación de tu ecosistema técnico y organizativo, más que a producir un output temático aislado. Su función es coordinar flujos, rituales, chequeos, routing, automatización y supervisión para que los demás frentes funcionen con menos fricción, menos olvido y más trazabilidad. Sigue activo porque reduce carga cognitiva, mejora continuidad entre sesiones y permite escalar trabajo asistido por agentes y scripts. El progreso real en este grupo se ve cuando las rutinas quedan más gobernadas, las piezas se integran mejor y la operación diaria depende menos de memoria improvisada."
A.1,Ops Autopilot Pack,,group,"Paquete de automatizaciones orientadas a sostener operación, seguimiento y respuesta dentro de tu stack personal.","Este subgrupo agrupa utilidades y microservicios que automatizan acciones operativas recurrentes como enrutar eventos, empujar recordatorios útiles, revisar proyectos o clasificar inputs entrantes. Existe para descargar trabajo repetitivo y volver más confiable el seguimiento de frentes abiertos sin exigir intervención manual constante. Sigue activo porque constituye una base de delegación parcial hacia agentes y procesos automáticos. El progreso real se ve cuando cada componente reduce trabajo manual, se integra con reglas claras y entrega señales o acciones accionables con bajo mantenimiento."
3,Event Router,A,project,"Componente de routing que distribuye eventos o inputs hacia destinos, flujos o tratamientos adecuados.","Este proyecto implementa una pieza de infraestructura para recibir eventos, señales o inputs del ecosistema y derivarlos hacia el flujo, destino o tratamiento correcto. Su motivación es evitar acoplamientos ad hoc y permitir que distintos sistemas compartan una lógica de encaminamiento más estable y reutilizable. Sigue siendo relevante porque ayuda a ordenar interacciones entre capturas, automatizaciones, buses y superficies operativas. El progreso real consiste en tener reglas de routing más claras, integración limpia con otros componentes y menor necesidad de intervención manual para decidir adónde va cada cosa."
7,Strategic Planning + Pingbot Nudges,A,project,"Sistema de planificación estratégica con nudges ligeros para sostener foco, seguimiento y continuidad.","Este proyecto combina una capa de planificación estratégica con mecanismos de recordatorio o nudges que ayudan a mantener vivos objetivos, decisiones y líneas de acción sin depender solo de disciplina espontánea. Existe para traducir planes y prioridades en pequeñas intervenciones operativas que empujen continuidad a lo largo de la semana o del mes. Sigue activo porque conecta estrategia con ejecución cotidiana y puede volverse una pieza transversal de tu sistema personal de gobierno. El progreso real se ve cuando los nudges son más pertinentes, la planificación produce seguimiento efectivo y la herramienta ayuda a sostener dirección sin volverse ruido."
14,Auto Projects checker,A,project,"Chequeador automático del portfolio para detectar estados, huecos y necesidades de revisión.","Este proyecto apunta a inspeccionar automáticamente la superficie de proyectos de tu portfolio y señalar inconsistencias, desactualización, falta de contexto o necesidades de decisión. Su motivación es reducir el costo de hacer sweep y mantener la gobernanza del portfolio más cerca de una inspección asistida que de una reconstrucción manual completa. Sigue activo porque tu sistema depende de poder revisar muchos frentes sin perder claridad ni tiempo en tareas mecánicas. El progreso real consiste en que detecte mejor problemas útiles, produzca reportes claros y se convierta en una ayuda concreta para barridos semanales y mantenimiento del portfolio."
5,Email Triage Manager,A,project,"Sistema para clasificar, priorizar y encauzar correos dentro de un flujo operativo más gobernado.","Este proyecto organiza el tratamiento del email como un problema de triage operativo y no solo de lectura manual de bandeja. Busca clasificar correos, distinguir prioridades, enrutar acciones y convertir mensajes en tareas, señales o artefactos que puedan procesarse mejor dentro de tu ecosistema. Sigue siendo importante porque el email es una fuente constante de inputs que, si no se gobiernan, contaminan foco y generan reactividad. El progreso real se ve cuando el sistema clasifica con criterios más útiles, reduce fricción en la bandeja y facilita convertir correos en acciones o decisiones bien encaminadas."
92,Capture Manual,A,project,Manual de captura que define cómo convertir discurso o pensamiento en artefactos operativos reutilizables.,"Este proyecto es el manual que define modos de captura, routing y transformación de discurso humano en artefactos más útiles para memoria, coordinación y trabajo downstream. Existe para dar una gramática explícita a sesiones de captura y permitir que asistentes o sistemas interpreten mejor qué hacer con ese material. Sigue activo porque ya mostró valor inmediato como capa transversal de intake y packaging cognitivo. El progreso real se ve cuando el manual se vuelve más claro, más fácil de usar y más efectivo para producir artefactos consistentes a partir de capturas."
A.2,Runtime Orchestration,,group,"Conjunto de piezas que gobiernan ejecución, cadencia y coordinación temporal de automatizaciones y rituales.","Este subgrupo reúne proyectos centrados en la orquestación efectiva del runtime: rituales periódicos, disparadores, cron, systemd y otras superficies que deciden cuándo corre qué cosa y bajo qué reglas. Existe para que la automatización no sea solo código disponible, sino capacidad realmente ejecutada de forma confiable y observable. Sigue activo porque una parte grande del valor de tu stack depende de que las piezas corran en el momento correcto y con el grado justo de supervisión. El progreso real se ve cuando hay mejor coordinación temporal, menos ejecuciones frágiles y más previsibilidad en la operación automática."
2,Weekly Sweep Ritual: Control Tower + Hedge portfolio,A,project,"Ritual semanal de gobernanza para revisar portfolio, decidir carriles y reasignar atención.","Este proyecto formaliza el barrido semanal de tu portfolio usando la Control Tower y la lógica de revisión de frentes, prioridades y cobertura de riesgo entre proyectos. Su motivación es convertir la revisión semanal en un procedimiento estable que permita decidir qué sigue activo, qué se enfría, qué requiere rescate y cómo repartir atención sin depender de impulsos del momento. Sigue activo porque es una pieza central de tu sistema de gobernanza personal y reduce caos, olvido y reexplicación constante. El progreso real consiste en que el ritual produzca decisiones más nítidas, mejor clasificación de proyectos y una transición más limpia entre semanas."
9,Cron + Systemd Orchestration governance,A,project,"Capa de gobernanza para automatizaciones disparadas por cron, systemd y otros mecanismos del sistema.","Este proyecto se ocupa de ordenar y gobernar la ejecución programada de scripts, servicios y automatizaciones disparadas por cron, systemd u otros mecanismos de scheduling del sistema. Existe para que la automatización de bajo nivel no quede dispersa, opaca o difícil de mantener, y para asegurar que cada proceso tenga reglas, observabilidad y propósito claros. Sigue activo porque muchas capacidades útiles de tu stack dependen de ejecución periódica confiable. El progreso real se ve cuando las tareas programadas están mejor documentadas, son más robustas, tienen mejores controles y se integran más limpiamente con el resto del ecosistema."
95,Operations Manual,A,project,"Manual operativo que fija reglas, modos y cierres para trabajar con mayor gobernanza y continuidad.","Este proyecto es el manual de operaciones que describe reglas, modos de trabajo, cierres, handoffs y criterios operativos para sostener ejecución con menor deriva. Existe para convertir buenas prácticas tácitas en una superficie explícita que pueda orientar tanto trabajo propio como trabajo asistido por agentes. Sigue activo porque cumple una función transversal de gobernanza sobre muchos otros proyectos y frentes. El progreso real consiste en volver el manual más claro, más aplicado a casos reales y más útil como guía operativa cotidiana."
B,Job Search,,group,"Frente de proyectos dedicado a explorar oportunidades, sostener procesos de búsqueda y escalar seguimiento laboral.","Este grupo reúne sistemas y prácticas ligados a tu búsqueda laboral, tanto en su capa humana y operativa como en su capa de automatización asistida. Existe para transformar la búsqueda de trabajo en un proceso gobernable, con seguimiento, herramientas y estructura, en lugar de una sucesión de aplicaciones aisladas. Sigue activo porque conseguir oportunidades de calidad requiere continuidad, organización y reducción de trabajo manual repetitivo. El progreso real en este grupo se ve cuando mejora la cobertura de oportunidades, el seguimiento de procesos y la calidad de las decisiones y acciones ligadas a postulaciones."
61,Job Search Management (Coderhub),B,project,"Trabajo operativo con consultora para gestionar búsqueda laboral, procesos y oportunidades concretas.","Este proyecto representa la capa humana y operativa de tu búsqueda laboral mediada por una consultora, con foco en seguimiento de oportunidades, preparación de materiales, coordinación de procesos y gestión táctica de postulaciones. Existe para ordenar la relación con ese canal concreto de inserción laboral y convertirlo en un frente activo con trazabilidad y criterio de acción. Sigue vigente porque una parte del avance laboral depende de sostener bien este canal y capitalizar oportunidades reales. El progreso real se ve cuando hay mejor seguimiento de procesos, materiales más alineados, decisiones más rápidas y más movimiento concreto sobre oportunidades."
71,AI Job Pipeline,B,project,"Monorepo de herramientas para escalar exploración, seguimiento y gestión de postulaciones laborales.","Este proyecto es un monorepo que agrupa herramientas destinadas a automatizar o asistir a escala el trabajo de explorar oportunidades, registrar vacantes, seguir aplicaciones y sostener procesos de búsqueda laboral. Su motivación es descargar carga operativa repetitiva y convertir la búsqueda de empleo en un pipeline más sistemático, modular y eventualmente separable en componentes más especializados. Sigue activo porque puede amplificar mucho tu capacidad de cobertura y seguimiento sin exigir expansión equivalente de esfuerzo manual. El progreso real consiste en modularizar mejor las herramientas, estabilizar flujos útiles y lograr que el sistema produzca ahorro real de tiempo y mejor control sobre procesos laborales."
C,Intelligence and Opportunities,,group,"Frente de proyectos orientado a recolectar, estructurar y explotar señales externas para inteligencia operativa y detección de oportunidades.","Este grupo reúne proyectos que transforman fuentes externas, documentos, medios, mensajes y sitios en señales utilizables para monitoreo, análisis y acción. Su propósito es ampliar tu capacidad de observación y convertir flujos dispersos de información en datasets, resúmenes, alertas o superficies consultables que ayuden a decidir mejor. Sigue activo porque conecta automatización con lectura estratégica del entorno y porque varias de estas fuentes alimentan otros frentes de trabajo. El progreso real en este grupo se ve cuando las fuentes se vuelven más gobernables, los outputs más accionables y la inteligencia producida reduce trabajo manual y mejora la calidad del seguimiento."
16,Summarizer Service,C,project,"Servicio de transformación que convierte eventos, textos o sesiones en resúmenes estructurados reutilizables.","Este proyecto define una capa de servicio para pedir, ejecutar y devolver resúmenes de manera más estable que un uso ad hoc del modelo. Existe para separar la capacidad de resumir del resto de los sistemas, con contratos claros de input y output, integración con buses o flujos de procesamiento y una superficie reutilizable para distintos casos de uso. Sigue activo porque el resumen es una primitiva transversal de tu ecosistema de conocimiento y automatización. El progreso real se ve cuando el servicio tiene mejores contratos, menos fricción de integración y produce salidas más consistentes y útiles para downstream."
17,Media Monitor Monorepo,C,project,"Monorepo de monitoreo de medios que combina ingesta de noticias, frontend publicado y posibles derivados de producto o distribución.","Este proyecto es un monorepo de media monitoring con varias capas: una de ingesta para recolectar noticias, otra de frontend donde se muestran las últimas noticias y una posible línea futura de derivación comercial o distributiva. En su estado actual, el sistema ya funciona y está online como portal utilizable. Sigue activo porque ya entrega valor como superficie viva y además podría abrir dos caminos futuros: por un lado, convertirse en un portal de noticias propio; por otro, empaquetarse parcial o totalmente para que terceros lo usen. El progreso real se ve cuando mejora la robustez de ingesta, la utilidad del frontend y la claridad sobre cuál de esos caminos de producto o distribución conviene empujar."
58,"Institutional Monitoring (MSEG, Norms, Legs)",C,project,"Sistema de monitoreo institucional para seguir normas, sitios oficiales y señales relevantes del entorno público.","Este proyecto reúne pipelines y rutinas para observar fuentes institucionales, como ministerios, normas y cuerpos legislativos, con el objetivo de detectar novedades, cambios y documentos relevantes de manera sistemática. Existe para reemplazar seguimiento manual disperso por una capa de monitoreo más confiable, repetible y conectable con alertas o bases de conocimiento. Sigue activo porque puede producir inteligencia útil para trabajo técnico, institucional o estratégico y porque varias de esas fuentes cambian con frecuencia. El progreso real se ve cuando las fuentes están bien cubiertas, la detección de novedades funciona con bajo ruido y los resultados se vuelven fáciles de revisar y reutilizar."
35,Research Opportunity Crawler,C,project,"Pipeline para rastrear instituciones y oportunidades de investigación, colaboración o postdoctorado.","Este proyecto busca automatizar parte del trabajo de explorar centros, labs, instituciones y convocatorias para detectar oportunidades compatibles con tu perfil. Su motivación es convertir una búsqueda internacional compleja y costosa en un proceso más sistemático de crawling, clasificación y priorización, apoyado en estructuras reutilizables. Sigue activo porque la exploración de oportunidades requiere cobertura amplia, criterio y constancia, y porque una buena base de inteligencia reduce mucho trabajo manual posterior. El progreso real consiste en ampliar fuentes cubiertas, mejorar scoring o clasificación y producir salidas que sirvan realmente para decidir a qué oportunidades volver."
20,Price Intelligence: Precios Argentina (scrape) + Merc Lib scraper,C,project,Conjunto de scrapers para captar precios y señales de mercado desde fuentes web y Mercado Libre.,"Este proyecto reúne herramientas para recolectar datos de precios desde sitios web y plataformas como Mercado Libre, con el fin de construir una base de inteligencia sobre productos, mercados o referencias económicas. Existe para pasar de consultas manuales aisladas a un sistema de captura y análisis más estructurado de precios observables. Sigue activo porque puede servir tanto para análisis puntual como para alimentar comparaciones, series o decisiones más sistemáticas. El progreso real se ve cuando el scraping se vuelve más robusto, las salidas quedan mejor normalizadas y la información recolectada resulta más fácil de explotar downstream."
23,Financial Document Parser,C,project,Parser de documentos financieros para extraer datos útiles desde archivos heterogéneos y llevarlos a estructuras limpias.,"Este proyecto apunta a convertir documentos financieros, comprobantes o reportes en datos estructurados que puedan integrarse con pipelines contables o analíticos. Su motivación es reducir el trabajo manual de lectura y transcripción, y crear una capa reutilizable de extracción sobre documentos que suelen venir en formatos desordenados. Sigue activo porque la calidad del downstream contable y analítico depende en parte de una buena extracción inicial. El progreso real consiste en ampliar cobertura de formatos, mejorar precisión de parsing y entregar outputs más limpios y confiables para validación o integración."
57.1,Social & Messaging Data Lake (IG/WhatsApp/Email),C,project,Base unificada para almacenar y explotar datos de mensajería y comunicación personal o profesional.,"Este proyecto busca consolidar datos provenientes de Instagram, WhatsApp, email y otras superficies de comunicación en una estructura más unificada y explotable. Existe para que esos intercambios no queden solo como historiales aislados, sino como una materia prima que puede servir para memoria, CRM, análisis, búsqueda o automatización. Sigue activo porque gran parte de tu contexto relacional y operativo pasa por canales de mensajería y porque integrarlos abre muchas capacidades downstream. El progreso real se ve cuando la ingesta se vuelve más estable, los datos quedan mejor normalizados y la base resultante habilita consultas o flujos útiles sin excesiva fragilidad."
D,FCEN / LCD / institucional,,group,"Frente de proyectos orientado a inteligencia, memoria y superficies operativas para trabajo institucional en FCEN y la Licenciatura en Ciencias de Datos.","Este grupo reúne proyectos ligados a tu trabajo institucional en FCEN y en la Licenciatura en Ciencias de Datos, incluyendo identidad política, inteligencia sobre personas, bases de conocimiento, publicación de materiales y seguimiento de comisiones. Su propósito es transformar trabajo institucional complejo y disperso en superficies más consultables, accionables y sostenibles. Sigue activo porque concentra un frente estratégico de incidencia, coordinación y memoria organizativa. El progreso real en este grupo se ve cuando la información institucional está mejor estructurada, las superficies son más útiles para actuar y el seguimiento requiere menos reconstrucción manual."
26.2,fcen_identity,D,project,Índice no duplicado de personas de Exactas construido a partir de múltiples fuentes.,"Este proyecto construye un índice de personas de la Facultad de Ciencias Exactas y Naturales a partir de información reunida desde distintas fuentes, resolviendo duplicados y dejando una fila única por persona. Existe para dar una base canónica y operativa sobre la población humana del frente FCEN, en vez de trabajar con registros dispersos, repetidos o inconsistentes. Sigue activo porque esa base sirve como infraestructura para trabajo institucional, inteligencia de personas y distintas superficies downstream. El progreso real consiste en mejorar cobertura de fuentes, deduplicación, calidad de los registros y utilidad práctica del índice resultante."
26.3,people_intel,D,project,Capa de inteligencia sobre personas para enriquecer lectura política e institucional dentro de FCEN.,"Este proyecto se centra en construir y explotar información relevante sobre personas, perfiles, vínculos o señales útiles para el trabajo institucional y político en FCEN. Existe para complementar bases más estructurales con una capa de inteligencia humana que ayude a interpretar actores, priorizar contactos y entender mejor el terreno relacional. Sigue activo porque muchas decisiones institucionales dependen de leer bien personas y no solo estructuras formales. El progreso real se ve cuando la información es más precisa, más accionable y más fácil de consultar para apoyar movimientos concretos."
26.4,lcd_kb_pipeline + lcd_page_surface,D,project,Pipeline y superficie pública o interna para materializar una base de conocimiento sobre la Licenciatura en Ciencias de Datos.,"Este proyecto combina una capa de procesamiento de contenidos y una superficie navegable para organizar, publicar y consultar información relevante sobre la Licenciatura en Ciencias de Datos. Su motivación es convertir materiales institucionales, documentos, notas o decisiones en una base de conocimiento más estable y una página útil para consulta o memoria. Sigue activo porque ayuda a sostener continuidad institucional y a reducir pérdida de contexto en discusiones o seguimientos del área. El progreso real consiste en mejorar la ingesta y materialización de contenidos, mantener una superficie clara y ampliar el valor práctico de la base para trabajo institucional."
26.5,manual_ap_publisher,D,project,"Manual de una agrupación política que documenta identidad, valores, contexto y onboarding básico.","Este proyecto reúne y publica documentación de una agrupación política en la que participás, con foco en describir su identidad, sus valores, su contexto y algunos elementos de onboarding u orientación interna. Existe para volver más explícito y transmisible un marco político-organizativo que de otro modo quedaría distribuido en conversaciones o supuestos. Sigue activo porque puede ayudar a alinear identidad, facilitar incorporación y sostener memoria política del espacio. El progreso real se ve cuando el manual gana claridad, cobertura y utilidad real para orientar a personas dentro o cerca de la agrupación."
76,Data Science Career Commission Tracker,D,project,Planilla de observabilidad semántica sobre líneas de trabajo de la Comisión de Carrera de Ciencias de Datos.,"Este proyecto es una Google Sheet que mapea y da observabilidad a las líneas de trabajo de la Comisión de Carrera de Ciencias de Datos. La estructura organiza aproximadamente 35 líneas de trabajo mediante columnas como núcleo, título, dueño, descripción corta y links a recursos asociados. Los núcleos incluyen gobernanza, política de datos, comunicación, gestión académica, materias y contenidos, tesis, trabajos finales y tutores, y vinculación, extensión y graduados; mientras que los dueños posibles son secretaría o dirección, comisión de carrera, docentes, estudiantes o graduados. Sigue activo porque funciona como mapa semántico y superficie de seguimiento de áreas institucionales relevantes. El progreso real consiste en mejorar cobertura, claridad de las líneas, calidad de los links y utilidad de la hoja como instrumento de observación y coordinación."
E,Public Presence,,group,"Frente de proyectos orientado a transformar ideas, trayectoria y producción en superficies públicas legibles y sostenibles.","Este grupo reúne proyectos dedicados a construir presencia pública mediante narrativa, publicación, documentación de trayectoria y superficies web o editoriales. Su propósito es convertir experiencia, pensamiento y trabajo acumulado en piezas consultables que posicionen mejor tu perfil y permitan circulación más clara de tus ideas. Sigue activo porque la visibilidad pública bien estructurada puede amplificar oportunidades, autoridad y reutilización de trabajo ya hecho. El progreso real en este grupo se ve cuando las superficies se vuelven más coherentes, más navegables y más capaces de representar con precisión lo que hacés y por qué importa."
28,Political Narrative Framework,E,project,Marco para organizar y articular una narrativa política coherente a través de múltiples piezas y superficies.,"Este proyecto busca construir una estructura narrativa que ordene ideas, experiencias, diagnósticos y posicionamientos políticos en una forma más consistente y reutilizable. Existe para evitar que tu pensamiento político quede disperso en notas o impulsos aislados, y para permitir producción de contenido con mayor continuidad y dirección. Sigue activo porque una presencia política sólida requiere más que opiniones sueltas: necesita marco, lenguaje y líneas narrativas claras. El progreso real consiste en definir mejor ejes, producir piezas más coherentes entre sí y facilitar que esa narrativa se proyecte en blog, wiki u otras superficies."
24,Political wiki,E,project,"Wiki para organizar memoria, conceptos, episodios y marcos de lectura de tu trabajo político.","Este proyecto apunta a construir una base navegable donde ordenar ideas, conceptos, episodios, conflictos y aprendizajes ligados a tu experiencia política. Su motivación es crear una memoria estructurada que sirva tanto para reflexión como para escritura, análisis y eventual comunicación pública o semipública. Sigue activo porque gran parte de ese material tiene valor, pero se degrada si queda solo en notas dispersas o recuerdos sueltos. El progreso real se ve cuando la información queda mejor clasificada, más fácil de consultar y más lista para alimentar narrativa, documentos o decisiones."
78,Document past teaching experiences and publish institutionally,E,project,Proyecto para documentar experiencia docente pasada y convertirla en materiales institucionalmente publicables.,"Este proyecto busca recuperar, ordenar y presentar experiencias docentes previas en una forma que pueda ser útil tanto para memoria personal como para proyección institucional. Existe para que trabajo pedagógico valioso no quede implícito o invisibilizado, y para convertir experiencia acumulada en evidencia, relato o material reutilizable. Sigue activo porque puede fortalecer posicionamiento académico e institucional y facilitar futuras presentaciones o postulaciones. El progreso real consiste en reconstruir mejor experiencias, producir textos o materiales claros y publicarlos en superficies adecuadas."
25,Blog and Narrative Pipeline,E,project,"Pipeline editorial para convertir ideas, sesiones y materiales dispersos en publicaciones narrativas reutilizables.","Este proyecto organiza el flujo que va desde capturas, notas o materiales crudos hasta piezas publicables para blog u otras superficies narrativas. Su motivación es reducir la fricción entre pensar y publicar, y transformar acumulación de contenido en una línea editorial más sostenida. Sigue activo porque tenés mucho material valioso que solo genera impacto si entra en un pipeline de transformación y salida. El progreso real se ve cuando el pipeline produce piezas publicables con menor esfuerzo de reconstrucción y mantiene continuidad entre ideas, drafts y publicaciones."
38,Evaluar app (student Q&A),E,project,Aplicación ya desplegada que responde consultas estudiantiles sobre ejercicios usando un tutor basado en modelo de lenguaje.,"Este proyecto es una aplicación ya deployed, creada originalmente para la materia Algoritmos 3 de la carrera de Computación de la UBA, aunque su infraestructura puede adaptarse a otras materias cambiando el contenido. La app muestra ejercicios o páginas de guía y permite que estudiantes hagan consultas debajo de cada uno; luego un modelo de lenguaje recibe la consulta junto con el ejercicio y actúa como tutor, produciendo una respuesta. Sigue activa porque ya funciona, ya fue usada en un curso y además abre próximos pasos valiosos como aumentar adopción, difundirla y explotar o abrir la base de datos de interacciones recogidas. El progreso real se ve cuando aumenta su uso, mejora la experiencia de consulta y se aprovechan mejor los datos ya generados."
80,Portfolio site maintenance,E,project,Mantenimiento y mejora de la superficie pública que representa tu portfolio profesional y técnico.,"Este proyecto se ocupa de sostener y mejorar el sitio o superficie web donde presentás proyectos, experiencia y capacidades. Su motivación es que tu portfolio no quede desactualizado ni incoherente con el trabajo real que venís haciendo, y que funcione como una entrada clara a tu perfil. Sigue activo porque la representación pública de tu trabajo influye en oportunidades, credibilidad y facilidad de explicación frente a terceros. El progreso real se ve cuando la superficie está más actualizada, mejor alineada con tu trabajo vigente y más clara para visitantes externos."
F,Financial Systems,,group,"Frente de proyectos dedicado a modelar, automatizar y analizar sistemas financieros, contables y económicos.","Este grupo reúne proyectos que trabajan con contabilidad, reportes humanos, análisis económico y herramientas cuantitativas para entender y gobernar sistemas financieros. Su propósito es transformar datos, documentos y movimientos económicos en estructuras más claras, auditables y útiles para toma de decisiones. Sigue activo porque la calidad de estos sistemas impacta directamente en comprensión, comunicación y control de situaciones financieras complejas. El progreso real en este grupo se ve cuando los pipelines son más robustos, los reportes más legibles y los análisis más útiles para actuar."
22,Accounting Spine Live + Human Balance Storypack,F,project,Sistema central de contabilidad viva y reporting humano para explicar el estado económico a stakeholders.,"Este proyecto combina una columna vertebral contable operativa con una capa de reportes y narrativas humanas diseñadas para volver entendibles situaciones financieras complejas. Existe para llevar datos, movimientos y documentos hacia una estructura confiable y luego traducirlos en salidas legibles para discusión, control y decisión. Sigue activo porque el valor no está solo en calcular números, sino en producir una versión explicable y gobernable del sistema económico familiar o de negocio. El progreso real consiste en estabilizar la spine, mejorar calidad de datos y generar storypacks o reportes humanos cada vez más claros y útiles."
43,Economic Volatility Research Notebooks,F,project,Cuadernos de investigación para explorar fenómenos de volatilidad económica con herramientas cuantitativas.,"Este proyecto reúne notebooks y exploraciones orientadas a estudiar dinámica económica, volatilidad u otros fenómenos cuantitativos desde una perspectiva de investigación. Su motivación es disponer de un espacio flexible para probar ideas, modelos y visualizaciones antes de convertirlos en resultados más consolidados. Sigue activo porque conserva valor intelectual y puede servir como base para análisis más formales, papers o piezas aplicadas. El progreso real se ve cuando los notebooks dejan resultados interpretables, métodos mejor justificados y salidas que puedan conectarse con investigación o comunicación más estable."
G,Knowledge Layer,,group,"Capa de proyectos dedicada a ingestar, estructurar, publicar y consultar conocimiento de manera reutilizable.","Este grupo reúne los componentes que convierten chats, documentos, medios, sesiones y otros materiales en una base de conocimiento consultable, publicable y aprovechable por personas o agentes. Su propósito es evitar que el trabajo cognitivo quede atrapado en historiales o archivos sueltos y darle una forma más durable, recuperable y transformable. Sigue activo porque funciona como sustrato transversal para memoria, publicación, retrieval, resúmenes y automatización inteligente. El progreso real en este grupo se ve cuando los contratos son más claros, la ingesta más robusta y las superficies de consulta o publicación más útiles."
8,GPT Chats Ingest to Bus,G,project,Pipeline para transformar historiales de chats en eventos o registros integrables al bus de conocimiento.,"Este proyecto busca tomar conversaciones de ChatGPT u otras sesiones afines y llevarlas a una estructura compatible con tu ecosistema de buses y procesamiento de conocimiento. Existe para que esos chats no queden como islas cerradas, sino como materia prima reutilizable para resumen, clustering, búsqueda, publicación o memoria. Sigue activo porque gran parte de tu trabajo intelectual pasa por chats y capturas conversacionales, y perderlos como activos estructurados sería costoso. El progreso real consiste en mejorar la ingesta, preservar mejor contexto y producir registros suficientemente limpios para downstream."
10,KB September 2025 Sandbox,G,project,Sandbox experimental para probar ideas tempranas de knowledge base y procesamiento cognitivo.,"Compact KB ingest and analysis spine for chat JSONL and related corpora. Provides config, parser, processed-file state, SQLite embedding cache, Chroma integration, CLI wrappers, and run-recorded pipelines for ingest, analysis, and GROBID-based paper processing. Current bottleneck is operational hardening of the canonical ingest path: provider rate limits, store canonicalization, and cleanup of legacy dev-script sediment."
15,Digest Engine,G,project,"Motor para producir digests a partir de eventos, sesiones o materiales estructurados del ecosistema.","Digest and bagging pipeline for turning raw conversational logs and session JSONL into traceable Markdown/MDX digests, tag views, and publishable knowledge artifacts. Includes CLI, docs, unitization, pair/tag bag derivation, hydration, indexing, and publishing flows. Currently real but mixed: canonical pipeline code coexists with archived experiments, ad hoc outputs, and path drift, so the next unlock is to define the canonical product boundary and operating path."
11,Session Mining / Clustering,G,project,Herramientas para minar sesiones y agrupar trabajo cognitivo en clusters o buckets reutilizables.,"Este proyecto apunta a extraer estructura de sesiones, conversaciones o logs para agruparlas en temas, frentes o buckets más manejables. Existe para reducir caos en el historial de trabajo y facilitar reentrada, análisis y gobierno de grandes volúmenes de material cognitivo. Sigue activo porque la utilidad de tu journal, tus chats y tus sesiones depende en parte de poder encontrar patrones y agrupaciones útiles sin releer todo manualmente. El progreso real consiste en obtener clusters más interpretables, mejores criterios de agrupación y salidas que ayuden a gestión o recuperación."
13,KB Contracts,G,project,"Contratos canónicos para gobernar cómo entra, circula y se transforma el conocimiento en tu ecosistema.","Este proyecto define reglas, formatos y seams de integración para que distintos componentes de tu capa de conocimiento hablen el mismo idioma. Su motivación es evitar una proliferación de pipelines incompatibles, decisiones locales incoherentes y outputs difíciles de reutilizar. Sigue activo porque tu ecosistema creció lo suficiente como para necesitar contratos explícitos que ordenen inputs, outputs y responsabilidades. El progreso real se ve cuando más componentes respetan esos contratos y la integración entre sistemas de conocimiento requiere menos trabajo ad hoc."
19,Media-to-Text Pipeline,G,project,Pipeline para convertir contenido mediático en texto procesable por herramientas de análisis y conocimiento.,"Este proyecto transforma materiales provenientes de medios o formatos no textuales en texto utilizable para clasificación, búsqueda, resumen o incorporación a la base de conocimiento. Su motivación es ampliar el universo de fuentes que pueden entrar a tu ecosistema, evitando que audio, video u otras superficies queden fuera del procesamiento downstream. Sigue activo porque la inteligencia producida por tus sistemas mejora cuando más fuentes pueden entrar en forma tratable. El progreso real consiste en hacer la conversión más confiable, conservar mejor información útil y facilitar su integración con pipelines posteriores."
21,NER-to-Knowledge-Base Pipeline,G,project,Pipeline que usa reconocimiento de entidades para poblar o enriquecer la base de conocimiento.,"Este proyecto toma salidas de NER o extracción de entidades y las convierte en insumos útiles para construir o enriquecer estructuras de conocimiento. Existe para pasar de menciones sueltas en texto a objetos o relaciones más reutilizables dentro de tu ecosistema. Sigue activo porque la extracción semiestructurada de entidades puede acelerar mucho clasificación, linking y navegación del conocimiento. El progreso real se ve cuando las entidades son más limpias, el mapeo al modelo de KB es más claro y los resultados enriquecen de verdad la base downstream."
30,Quartz Dev Journal / Docusaurus Publication Infrastructure,G,project,Infraestructura de publicación para materializar journals y conocimiento en superficies navegables.,"Este proyecto reúne la capa de tooling, scripts y convenciones que permite publicar tu dev journal y otros materiales en superficies como Quartz o Docusaurus. Su motivación es convertir contenido acumulado en una publicación estable, navegable y mantenible, sin exigir reconstrucción manual permanente. Sigue activo porque la publicación es una pieza central para memoria, reentrada y visibilidad del trabajo realizado. El progreso real consiste en mejorar materialización, automatización, robustez de build y calidad de las superficies generadas."
32,AI Paper Chunker (RAG System - Nov 2025),G,project,Sistema para fragmentar papers y prepararlos como corpus utilizable por pipelines de retrieval y RAG.,"Este proyecto se centra en tomar papers académicos y convertirlos en chunks bien estructurados para búsqueda, embedding, resumen o retrieval asistido. Existe para que los documentos largos entren mejor en sistemas de consulta y procesamiento, y para sostener una plataforma de trabajo más escalable sobre literatura académica. Sigue activo porque el chunking de calidad condiciona fuertemente la utilidad del retrieval downstream. El progreso real se ve cuando los chunks preservan mejor sentido, la preparación del corpus es más robusta y el sistema soporta mejor consultas o análisis posteriores."
37,Doc retrieval UI (cheap streamlit query-retrieval tool),G,project,Interfaz liviana para consultar corpus documentales mediante retrieval sin montar una plataforma pesada.,"Este proyecto ofrece una superficie barata y rápida para hacer consultas sobre documentos ya indexados, priorizando utilidad inmediata sobre sofisticación de producto. Su motivación es contar con una forma práctica de probar y usar retrieval sobre corpus propios sin esperar una UI compleja o full-stack. Sigue activo porque te permite validar valor, depurar pipelines y usar conocimiento indexado con baja fricción. El progreso real consiste en mejorar experiencia de consulta, relevancia de resultados y acople limpio con la infraestructura de indexing existente."
51,EPH Survey ML Student Thesis Supervision,G,project,Frente de supervisión técnica para una tesis de ML aplicada a datos de la EPH.,"Este proyecto cubre tu trabajo de acompañamiento, revisión y dirección técnica sobre una tesis estudiantil basada en datos de la EPH y modelos de machine learning. Existe para sostener continuidad, feedback útil y criterio metodológico sin perder tiempo en reentender todo desde cero cada semana. Sigue activo porque la supervisión requiere memoria operativa, control de avances y capacidad de intervenir sobre riesgos metodológicos o de implementación. El progreso real se ve cuando recuperás rápidamente contexto, detectás mejor los puntos críticos y lográs guiar al estudiante hacia avances más sólidos y consolidables."
52,EPH / INDEC Extract & Harmonize,G,project,Pipeline para extraer y armonizar datos de EPH/INDEC en una estructura usable para análisis y modelado.,"Este proyecto se ocupa de tomar fuentes de EPH/INDEC y llevarlas a una forma más homogénea y explotable para análisis, modelado y trabajo académico. Su motivación es reducir la fricción recurrente de trabajar con datos complejos, variables heterogéneas y convenciones cambiantes, creando una base más limpia para downstream. Sigue activo porque la calidad de los análisis y modelos depende mucho de la solidez de la extracción y armonización inicial. El progreso real consiste en mejorar cobertura, consistencia de variables y facilidad de uso del dataset resultante."
H,Research & Academic Pipelines,,group,"Frente de proyectos orientado a convertir investigación, análisis y producción académica en pipelines reutilizables y superficies publicables.","Este grupo reúne proyectos que toman materiales de investigación, datos, papers o narrativas académicas y los transforman en artefactos más estructurados, visibles y sostenibles. Su propósito es reducir la distancia entre trabajo intelectual profundo y superficies concretas de publicación, análisis o posicionamiento académico. Sigue activo porque gran parte del valor de tu trabajo científico depende de que pueda materializarse en formatos navegables, publicables o reutilizables. El progreso real en este grupo se ve cuando los pipelines reducen fricción, vuelven más operable la producción académica y generan salidas más claras para comunicar o investigar."
31,Thesis-to-Web Portal,H,project,Pipeline para convertir tu tesis y sus ideas en una superficie web navegable y más accesible.,"Este proyecto busca transformar el contenido de tu tesis en un portal o superficie web que haga sus ideas más legibles, navegables y reutilizables para audiencias más amplias. Existe para evitar que un trabajo intelectualmente valioso quede encerrado en un documento difícil de recorrer, y para convertirlo en una base de contenido con mayor circulación. Sigue activo porque tu tesis conserva valor conceptual y puede alimentar posicionamiento, divulgación y nuevas piezas derivadas. El progreso real consiste en estructurar mejor el contenido, materializarlo en páginas útiles y reducir la fricción entre texto académico denso y lectura pública o semipública."
39,Paper Production Lab,H,project,"Laboratorio para diseñar, incubar y acelerar la producción de papers o piezas académicas más formales.","Este proyecto funciona como un espacio de trabajo orientado a pasar de ideas, notebooks, notas o hallazgos dispersos a piezas académicas con forma más publicable. Existe para crear una capa intermedia entre investigación exploratoria y producción formal, reduciendo la fricción de estructurar argumentos, materiales y flujos de escritura. Sigue activo porque tenés contenido técnico y conceptual con potencial académico que necesita una fábrica más disciplinada para llegar a paper. El progreso real consiste en convertir más material preliminar en drafts estructurados, clarificar líneas de publicación y sostener un flujo más realista de producción académica."
I,Communication & CRM Systems,,group,"Frente de proyectos dedicado a organizar relaciones, contactos, seguimiento y acción sostenida sobre redes humanas.","Este grupo reúne sistemas para gestionar vínculos, contactos, campañas de outreach y lectura estructurada de redes relacionales en distintos ámbitos. Su propósito es convertir relaciones y oportunidades en un frente gobernable, con memoria, prioridades y acciones sostenidas, en lugar de dejar todo librado a recordación espontánea. Sigue activo porque una parte importante de tus oportunidades, incidencia y continuidad profesional o política depende de sostener bien esta capa. El progreso real en este grupo se ve cuando los contactos quedan mejor estructurados, los seguimientos son más consistentes y las herramientas realmente ayudan a activar relaciones con criterio."
55,CRM / Relational Layer,I,project,"Capa general para organizar contactos, vínculos y seguimiento relacional dentro de tu ecosistema.","Este proyecto funciona como la base general de tu sistema de CRM y gestión relacional, integrando contactos, estados, prioridades y posibles acciones en una estructura más coherente. Existe para que tu red de vínculos no quede como un conjunto de listas dispersas o impulsos intermitentes, sino como una capa con memoria y criterio operativo. Sigue activo porque el trabajo relacional atraviesa múltiples frentes y requiere una infraestructura común. El progreso real consiste en mejorar la estructura de datos, facilitar consulta y seguimiento, y lograr que la capa relacional sirva realmente para sostener continuidad."
57.2,Political Influence CRM & Network Graph,I,project,"CRM político con capa de grafo para leer actores, vínculos e influencia dentro de redes relevantes.","Este proyecto extiende la lógica de CRM hacia un uso político e institucional más analítico, incorporando lectura de redes, relaciones e influencia entre actores. Su motivación es pasar de listas de personas a una representación más rica del terreno relacional, capaz de mostrar conexiones, nodos importantes y posibles recorridos de acción. Sigue activo porque la política y la incidencia institucional dependen mucho de entender estructura relacional además de nombres sueltos. El progreso real se ve cuando el grafo es más interpretable, la información es más accionable y la herramienta ayuda a orientar movimientos concretos."
59,Outreach Scheduler (Rolling contact lists),I,project,Sistema para calendarizar y sostener outreach recurrente mediante listas rodantes de contacto.,"Este proyecto busca convertir la intención de mantener vínculos en un flujo calendarizado y más estable de acciones de outreach. Existe para evitar que el contacto con personas importantes quede librado a impulsos esporádicos, y para sostener un ritmo más razonable de presencia y seguimiento. Sigue activo porque la constancia relacional requiere una capa que ayude a priorizar, distribuir y recordar contactos en el tiempo. El progreso real consiste en tener listas más útiles, scheduling más realista y una herramienta que efectivamente aumente continuidad sin generar sobrecarga."
60,Job market focused CRM,I,project,"CRM especializado para seguir contactos, oportunidades y procesos ligados al mercado laboral.","Este proyecto aplica lógica de CRM al frente laboral, estructurando contactos, oportunidades, recruiters, procesos y posibles acciones dentro de una misma superficie. Su motivación es profesionalizar la búsqueda de trabajo y evitar que oportunidades laborales queden desperdigadas entre chats, mails y memoria informal. Sigue activo porque la búsqueda laboral tiene una dimensión fuertemente relacional además de pipeline técnico. El progreso real se ve cuando el sistema mejora seguimiento, ayuda a priorizar vínculos útiles y facilita convertir contactos en acciones concretas."
62,Political Campaign Support CRM,I,project,CRM orientado a sostener trabajo de apoyo político o de campaña con mejor memoria y seguimiento.,"Este proyecto organiza contactos, tareas y seguimientos vinculados a apoyo político o trabajo de campaña, buscando una estructura más sostenida que la coordinación improvisada. Existe para dar memoria operativa a un frente donde suelen cruzarse personas, temas, acciones y momentos sensibles en el tiempo. Sigue activo porque puede mejorar capacidad de coordinación, seguimiento y preparación dentro de contextos políticos exigentes. El progreso real consiste en ordenar mejor actores y acciones, reducir olvido y producir una superficie realmente útil para apoyar trabajo político."
63,"Thematic sheets: Family, Dipus, SSSUP, Media, CC LCD.",I,project,Conjunto de hojas temáticas para seguir frentes específicos con contexto y memoria operativa propios.,"Este proyecto reúne sheets o superficies temáticas dedicadas a distintos universos de seguimiento, como familia, actores políticos, medios o espacios institucionales concretos. Su motivación es separar frentes heterogéneos en superficies especializadas que mantengan contexto sin obligarte a mezclar todo en una sola capa general. Sigue activo porque varios de tus frentes requieren memoria local, criterios propios y observación sostenida. El progreso real se ve cuando cada hoja es más clara, mantiene contexto útil y reduce trabajo de reconstrucción al volver sobre un frente."
12,Opportunity tracker,I,project,"Tracker general para registrar, comparar y priorizar oportunidades en distintos frentes.","Este proyecto funciona como una superficie de seguimiento de oportunidades que pueden venir del mercado laboral, redes, investigación o ámbitos institucionales. Existe para no perder oportunidades relevantes entre múltiples canales y para darles una estructura que permita compararlas y decidir con más criterio. Sigue activo porque tu entorno genera muchas posibles aperturas, pero sin tracking se diluyen o compiten caóticamente. El progreso real consiste en mejorar captura, priorización y next actions, de modo que el tracker ayude realmente a decidir y no sea solo un depósito."
J,Automation & Business Systems,,group,"Frente de proyectos orientado a empaquetar capacidades, playbooks y sistemas de automatización con potencial más productivo o comercial.","Este grupo reúne proyectos que no solo automatizan tareas, sino que buscan convertir esa automatización en capacidades organizables, transferibles o incluso monetizables. Su propósito es estructurar saber hacer técnico y operativo en paquetes, marcos o sistemas que puedan servir para crecimiento, entrenamiento, estrategia o nuevos productos. Sigue activo porque conecta tu ecosistema personal con una posible capa de negocio, servicio o escalamiento de capacidades. El progreso real en este grupo se ve cuando las piezas se vuelven más empaquetables, más claras como oferta o framework y más útiles fuera del contexto puramente personal."
88,Private training department - training and distillation,J,project,"Sistema para entrenamiento y destilación interna de capacidades, materiales y know-how.","Este proyecto apunta a construir una especie de departamento privado de training donde procesos, materiales y aprendizajes puedan ser destilados en formas más reutilizables. Existe para no depender solo de experiencia tácita y para convertir conocimiento operativo o técnico en activos más enseñables y transferibles. Sigue activo porque la capacidad de entrenar y destilar saber hacer puede potenciar tanto tu propio trabajo como futuros productos, equipos o colaboraciones. El progreso real consiste en clarificar módulos de entrenamiento, capturar mejor conocimiento y producir materiales que sirvan efectivamente para formar o replicar capacidades."
75,Growth & Automation Playbook,J,project,"Playbook para conectar automatización con crecimiento, adquisición de oportunidades y expansión de capacidades.","Este proyecto busca organizar en un marco común las tácticas, sistemas y principios que vinculan automatización con crecimiento personal, profesional o de negocio. Su motivación es pasar de automatizaciones aisladas a una lógica más estratégica sobre cómo esas capacidades generan expansión real. Sigue activo porque muchas piezas de tu ecosistema podrían servir no solo para ahorrar tiempo, sino para abrir oportunidades y escalar impacto. El progreso real se ve cuando el playbook articula casos de uso claros, mejores secuencias de acción y marcos más reutilizables para crecimiento asistido."
77,Institutional Strategy Framework,J,project,Framework para pensar y ordenar estrategia institucional en frentes complejos y de mediano plazo.,"Este proyecto reúne conceptos, criterios y estructuras para leer situaciones institucionales y decidir líneas de acción con mayor claridad. Existe para que la estrategia institucional no quede reducida a intuiciones del momento, sino que pueda apoyarse en un marco más explícito y reusable. Sigue activo porque varios de tus frentes se desarrollan dentro de contextos institucionales con múltiples actores, restricciones y tiempos superpuestos. El progreso real consiste en volver el framework más aplicable, más claro para orientar decisiones y más útil para traducir lectura política en acción estructurada."
90,Mind Debrief & Session Summaries - produces raw sessions (voice or text),J,project,Sistema de debrief y resumen de sesiones que transforma voz o texto en sesiones crudas reutilizables.,"Este proyecto busca capturar debriefs mentales y cierres de sesión en formato de voz o texto, convirtiéndolos en sesiones crudas que luego pueden entrar a otros pipelines de resumen, publicación o memoria. Su motivación es reducir la pérdida de contexto al terminar bloques de trabajo y hacer más fácil registrar qué pasó sin exigir escritura elaborada. Sigue activo porque la captura ligera de sesiones alimenta gran parte de tu ecosistema de conocimiento y mejora reentrada futura. El progreso real consiste en simplificar captura, mejorar estructura de salida y lograr que esas sesiones crudas sean efectivamente aprovechables downstream."
K,Incubator,,group,"Frente de ideas exploratorias, spinoffs y apuestas de producto con potencial técnico o comercial.","Este grupo reúne proyectos incubados que todavía no necesariamente están maduros, pero que exploran posibles productos, servicios o líneas de trabajo con valor técnico, comercial o intelectual. Su función es dar un lugar visible a ideas promisorias sin obligarlas a entrar demasiado pronto en una capa de ejecución pesada. Sigue activo porque varias de estas ideas pueden derivar en ofertas reales, activos reutilizables o pequeños negocios. El progreso real en este grupo se ve cuando una idea gana definición, demuestra tracción o se transforma en una superficie más concreta."
18,Idea Miner,K,project,"Sistema para rescatar ideas valiosas desde trabajo pasado, sesiones o respuestas de GPT.","Este proyecto busca detectar y extraer buenas ideas desde trabajo histórico, sesiones previas o respuestas generadas por GPT, evitando que queden enterradas en grandes volúmenes de texto. Existe para convertir exploración pasada en cantera reutilizable de iniciativas, mejoras o productos potenciales. Sigue activo porque una parte importante de tu capital intelectual ya existe, pero necesita una capa que lo recupere y priorice. El progreso real consiste en extraer ideas más útiles, clasificarlas mejor y volverlas fáciles de revisar o incubar."
26,Knowledge Maps Generator,K,project,"Generador de mapas semánticos para representar temas, corpus o frentes de conocimiento.","Este proyecto apunta a producir representaciones semánticas o cartográficas de distintos universos de conocimiento, de modo que ideas, documentos o áreas temáticas puedan verse como estructuras navegables y no solo como listas. Existe para facilitar síntesis, exploración y comprensión de dominios complejos. Sigue activo porque puede servir como capa transversal para conocimiento, research y comunicación. El progreso real se ve cuando los mapas resultan más interpretables, más útiles para navegación y más conectados con decisiones o superficies downstream."
33,Knowledge Graph of Academic Papers (OpenAlex Integration),K,project,Sistema para organizar papers académicos y sus relaciones mediante una capa tipo grafo apoyada en OpenAlex.,"Este proyecto busca estructurar información sobre papers, autores, temas y vínculos entre publicaciones usando una lógica de knowledge graph, apoyándose en fuentes como OpenAlex. Existe para pasar de colecciones planas de papers a una representación más rica del campo académico y de sus relaciones internas. Sigue activo porque puede alimentar research workflows, wikis académicas y herramientas de exploración bibliográfica. El progreso real consiste en mejorar ingesta, modelado de relaciones y capacidad de navegar o explotar el grafo resultante."
69,AFIPws,K,project,Exploración experimental de servicios web de AFIP como posible capacidad técnica futura.,"Este proyecto surge de una exploración sobre servicios web de AFIP a partir de un repositorio clonado y una posible línea de dominio técnico más que de una necesidad inmediata. Existe como apuesta experimental para entender una tecnología que, si se domina, podría convertirse en servicio profesional o consultoría paga. Sigue activo de forma débil porque aún no es una prioridad, pero conserva valor opcional. El progreso real consiste en entender mejor la tecnología, probar integraciones básicas y decidir con más claridad si merece seguir vivo o archivarse."
72,Superficie Publica Agencia,K,project,Landing pública para ofrecer servicios de IA con una superficie simple de captación y cobro.,"Este proyecto busca crear una superficie pública mínima para una agencia o práctica de servicios de IA, con landing page, posibilidad de reservar reuniones y eventualmente cobrar por sesiones o servicios. Existe para abrir una vía directa de monetización y dar una presencia más concreta a una oferta de ayuda técnica o estratégica que ya podrías prestar. Sigue activo porque podría transformarse rápidamente en un activo comercial con costo acotado. El progreso real se ve cuando la oferta queda más clara, la landing está publicada y el flujo de contacto o cobro funciona de punta a punta."
73,PaperKB Spinoff Research Group Wiki Generator,K,project,Generador de wikis o sitios estáticos para grupos de investigación a partir de su corpus de papers.,"Este proyecto propone tomar el conjunto acotado de papers de un grupo de investigación y convertirlo automáticamente en una wiki o pequeño sitio navegable que represente, resuma y organice ese conocimiento. Existe como posible spinoff comercial de varias piezas que ya venís trabajando en papers, chunking, retrieval y publicación estática. Sigue activo porque es una idea de producto clara, demostrable y potencialmente vendible a grupos académicos. El progreso real consiste en definir mejor el output, automatizar el pipeline y producir una demo convincente sobre un corpus real."
74,Print-on-Demand Art Shop,K,project,Idea de tienda donde usuarios generan imágenes con IA y las mandan a imprimir bajo demanda.,"Este proyecto imagina una superficie comercial donde una persona pueda generar imágenes con modelos y luego pedir su impresión y envío como producto físico. Existe como idea de negocio más que como sistema ya iniciado, explorando una combinación de generación visual, ecommerce y print-on-demand. Sigue activo solo como posibilidad incubada, porque podría abrir una línea comercial distinta si alguna vez se prioriza. El progreso real consistiría en validar el caso de uso, definir el flujo de compra y construir una prueba mínima del recorrido completo."
68,Client Website Pack (hotel+restaurant),K,project,"Paquete de sitios simples para clientes chicos, probado con un hotel y un restaurante cercanos.","Este proyecto surge de intentar producir páginas web relativamente fáciles y rápidas para clientes pequeños, como hoteles o restaurantes, con algunos ejemplos ya armados para personas conocidas. Existe como línea de servicio liviana, aunque la idea general haya perdido prioridad. Sigue activo porque todavía podría cerrarse alguna entrega concreta y capturar algo de valor económico con trabajo ya bastante adelantado. El progreso real consiste en terminar y mostrar los sitios existentes, validarlos con esos clientes y decidir si esta línea queda como microservicio o se archiva."
64,Marketing Funnel & Lead Generation System,K,project,"Sistema de scripts y herramientas para descubrir, almacenar y trabajar leads a escala.","Este proyecto apunta a construir una capa de generación de leads y funnel de marketing usando scripts, almacenamiento y gestión de contactos potenciales. Existe para convertir la búsqueda de clientes u oportunidades en un proceso más sistemático y escalable, en vez de depender de hallazgos manuales aislados. Sigue activo porque podría alimentar varias líneas comerciales o de outreach. El progreso real se ve cuando descubre leads útiles, los estructura mejor y permite pasar de hallazgo a acción comercial con menos trabajo manual."
29,Economic Communication & Atlas Integration,K,project,Frente para articular comunicación económica con activos y superficies del Atlas.,"Este proyecto busca pensar cómo comunicar economía y cómo integrar esa comunicación con activos ya existentes, como mapas, visualizaciones o infraestructura del Atlas. Existe para que la producción técnica y analítica en economía no quede separada de una estrategia de contenido o difusión más clara. Sigue activo porque puede conectar trabajo cuantitativo con presencia pública y narrativa económica. El progreso real consiste en definir mejor los formatos, conectar ideas con superficies existentes y producir piezas que traduzcan análisis en comunicación útil."
36,Academic Paper Management / Citation Extractor,K,project,Herramienta para gestionar información de papers y extraer citas o mensajes relevantes de ellos.,"Este proyecto se centra en organizar información bibliográfica y extraer citas, fragmentos o mensajes relevantes de papers académicos. Existe para convertir lectura académica en una base más utilizable de referencias e ideas, y podría confluir con otros proyectos de papers o knowledge base. Sigue activo porque la gestión fina de citas y contenido de papers puede aportar valor directo a investigación, escritura y productos derivados. El progreso real consiste en mejorar extracción, organización y conexión con otros flujos académicos."
67,"Upwork Outreach Automation, Automate bidding",K,project,Automatización para explorar oportunidades en Upwork y asistir el armado o envío de bids.,"Este proyecto reúne ideas y herramientas para automatizar parte del outreach en Upwork y del proceso de preparar o asistir bids a oportunidades externas. Existe para escalar una tarea repetitiva y aumentar cobertura sin multiplicar en la misma proporción el esfuerzo manual. Sigue activo porque la exploración freelance puede beneficiarse mucho de un pipeline prudente de automatización y seguimiento. El progreso real consiste en mejorar filtros, priorización, preparación de propuestas y control del proceso sin volverlo genérico o frágil."
L,Content & Publishing,,group,"Frente orientado a convertir datos, análisis y activos existentes en publicaciones y documentación sostenibles.","Este grupo reúne proyectos que toman datasets, sistemas o productos existentes y los transforman en documentación, narrativas o piezas publicables. Su función es reducir la distancia entre lo que ya está construido y una capa de salida comunicable y mantenible. Sigue activo porque parte del valor de tus sistemas depende de que puedan explicarse, mantenerse y circular. El progreso real en este grupo se ve cuando la publicación se vuelve más barata, más periódica y más conectada con activos ya existentes."
81,Poverty Atlas — documentation maintenance,L,project,Mantenimiento documental del Poverty Atlas para sostener una superficie explicable y mantenible.,"Este proyecto se ocupa de la documentación del Poverty Atlas, con foco en mantener clara la estructura, uso y lógica del sistema detrás de los mapas y outputs. Existe para que una superficie valiosa no dependa solo de memoria técnica informal y pueda sostenerse mejor en el tiempo. Sigue activo porque la documentación bien mantenida mejora continuidad, handoff y capacidad de evolución del Atlas. El progreso real consiste en tener docs más actualizadas, más claras y más alineadas con el estado real del sistema."
83,Economic Story Engine (data→plot→draft),L,project,Pipeline editorial que convierte señales económicas y datos en gráficos y borradores de notas.,"Este proyecto busca tomar noticias, observaciones económicas o historias relevantes, conectarlas con datasets y una colección de gráficos, y producir a partir de eso borradores baratos de artículos o notas de economía. Existe para abaratar y escalar la producción periódica de contenido económico sin exigir escritura completamente manual de cada pieza. Sigue activo porque puede transformar tu capacidad de publicar en economía con mucha mayor frecuencia. El progreso real consiste en definir mejor las historias tipo, mejorar selección de datos y gráficos, y lograr drafts cada vez más usables como punto de partida editorial."
56,CMS / Narrative Layer (publisher hub),L,project,"Hub editorial para organizar, publicar y gobernar narrativas y contenidos desde una capa común de publicación.","Este proyecto busca crear una capa central desde la cual administrar y publicar contenidos narrativos, académicos o estratégicos de forma más consistente. Su motivación es evitar que cada superficie de salida tenga su propia lógica dispersa y construir un punto de apoyo común para publicación, organización y reuso editorial. Sigue activo porque tu ecosistema ya produce suficiente material como para justificar una capa de publisher hub en lugar de salidas aisladas. El progreso real se ve cuando más contenidos pueden entrar por esa capa, las publicaciones quedan mejor organizadas y la infraestructura editorial reduce trabajo repetitivo."
M,Educational Systems,,group,"Frente de proyectos orientado a generar materiales, plataformas y superficies útiles para enseñanza aplicada.","Este grupo reúne proyectos dedicados a producir materiales docentes, notebooks, hubs de aprendizaje y otras superficies pedagógicas. Su propósito es volver más escalable, reutilizable y visible tu trabajo educativo, especialmente en contextos de formación práctica en ciencia de datos. Sigue activo porque tu rol docente y tus materiales tienen valor sostenido y pueden convertirse en activos durables. El progreso real en este grupo se ve cuando los materiales se generan con menor fricción, las superficies de aprendizaje son más claras y los estudiantes encuentran más valor práctico."
85,AI Teaching Material Generator (notebooks),M,project,Generador de notebooks y materiales docentes a partir de un dataset estructurado de ejercicios.,"Este proyecto usa un dataset de ejercicios y descripciones para generar notebooks y otros materiales pedagógicos de manera más sistemática. Existe para escalar la producción de recursos docentes sin tener que construir cada notebook desde cero, y para mantener una línea más consistente de materiales. Sigue activo porque reduce mucho el costo de preparar práctica guiada para estudiantes. El progreso real consiste en mejorar el dataset fuente, la calidad de los notebooks generados y la facilidad de adaptar el output a distintos cursos o necesidades."
87,LDD Learning Hub (teaching platform),M,project,Hub de aprendizaje para Laboratorio de Datos que publica ejercicios y materiales prácticos en una superficie navegable.,"Este proyecto representa una plataforma o sitio de aprendizaje surgido a partir del generador de materiales, con foco en los notebooks y ejercicios del curso Laboratorio de Datos de la UBA. Existe para ofrecer una superficie clara, accesible y reusable donde estudiantes puedan practicar ciencia de datos de forma hands-on. Sigue activo porque demuestra el valor de esa línea educativa y puede seguir creciendo como activo docente concreto. El progreso real consiste en mejorar navegación, cobertura de ejercicios y utilidad pedagógica de la plataforma publicada."
N,Civic Information Systems,,group,"Frente de proyectos orientado a construir infraestructura cívica de datos, análisis territorial y superficies públicas sobre información social y estatal.","Este grupo reúne proyectos que transforman fuentes censales, encuestas, precios, mapas y datos públicos en sistemas más consultables, analizables y reutilizables. Su propósito es construir infraestructura cívica de información que sirva tanto para investigación y diagnóstico como para productos públicos, visualizaciones o herramientas de decisión. Sigue activo porque combina valor técnico, valor público y continuidad con varias de tus líneas más importantes de trabajo. El progreso real en este grupo se ve cuando los datos quedan mejor canonizados, los pipelines son más robustos y las superficies resultantes permiten observar mejor la realidad social, territorial o económica."
50.1,Argentina Census Sampler,N,project,Herramienta para muestrear y explorar datos censales argentinos de forma más ágil y reusable.,"Este proyecto apunta a crear una capa de muestreo o exploración rápida sobre datos del censo argentino para facilitar pruebas, análisis preliminares y desarrollo de pipelines sin depender siempre de recorridos pesados sobre el universo completo. Existe para acelerar trabajo técnico y analítico sobre datos censales complejos, permitiendo iteración más liviana en etapas tempranas. Sigue activo porque una buena capa de sampling mejora mucho la velocidad de desarrollo y validación de ideas. El progreso real consiste en obtener muestras más útiles, reproducibles y compatibles con análisis o herramientas downstream."
50.2,Censo Data Infrastructure (canonical),N,project,"Infraestructura canónica para organizar, normalizar y servir datos del censo argentino.","Este proyecto busca construir una base canónica para trabajar con datos censales de Argentina, definiendo estructuras, convenciones y transformaciones que eviten proliferación de versiones incompatibles. Su motivación es dar una columna vertebral más estable a análisis, mapas y productos que dependen del censo, reduciendo fricción y ambigüedad técnica. Sigue activo porque muchos proyectos posteriores requieren una capa censal sólida y reusable. El progreso real se ve cuando la infraestructura define mejor los datos base, simplifica el acceso y vuelve más confiables los usos posteriores."
50.4,Mapas Censo ARG,N,project,Superficie cartográfica para visualizar y comunicar información censal argentina de forma navegable.,"Este proyecto convierte datos censales en mapas y visualizaciones territoriales que permitan observar patrones espaciales con más claridad. Existe para pasar de tablas y archivos técnicos a una superficie más interpretable y útil para análisis, comunicación o exploración pública. Sigue activo porque la dimensión geográfica del censo es central y porque las superficies cartográficas pueden amplificar mucho el valor de los datos procesados. El progreso real consiste en mejores capas, mejor legibilidad territorial y una experiencia más útil para explorar información censal."
49,Redatam opening for Censo 22,N,project,"Herramientas y estrategia para abrir, extraer o volver explotables datos del Censo 2022 desde Redatam.","Este proyecto se enfoca en resolver la fricción técnica y metodológica de trabajar con datos del Censo 2022 a través de Redatam o superficies afines. Su motivación es abrir una fuente importante pero operativamente incómoda, para integrarla en workflows más modernos de análisis, extracción o publicación. Sigue activo porque desbloquear bien esa fuente puede habilitar muchos usos downstream. El progreso real consiste en mejorar extracción, reproducibilidad y compatibilidad con el resto de tu infraestructura censal."
52.8,Encuestador de hogares,N,project,Repositorio de modelos de machine learning sobre EPH para predecir ingresos y otras variables de personas y hogares.,"Este proyecto reúne clasificadores y regresores entrenados sobre la Encuesta Permanente de Hogares para predecir ingresos y otras variables relevantes de personas y hogares. Existe para explotar la EPH como base de modelado y generar capacidades predictivas útiles sobre variables socioeconómicas. Sigue activo porque combina valor metodológico, potencial analítico y conexión con otros frentes de datos públicos y pobreza. El progreso real se ve cuando mejoran los modelos, se clarifican mejor los targets y outputs, y el repositorio ofrece resultados más sólidos y reutilizables."
52.9,Canastas Indec,N,project,"Pipeline o superficie para seguir, estructurar y explotar datos de canastas e indicadores de INDEC.","Este proyecto busca organizar información vinculada a canastas de consumo u otros indicadores del INDEC en una forma más usable y monitoreable. Su motivación es convertir series o publicaciones oficiales en una capa de datos más directa para análisis, seguimiento o comparación. Sigue activo porque estos datos son útiles tanto para lectura económica como para productos aplicados o monitoreo. El progreso real consiste en mejorar captura, limpieza y consulta de la información, y producir una base más práctica para análisis downstream."
52.3,EPH Census Aligner,N,project,Pipeline para alinear estructuras de EPH y censo y hacer comparables sus datos.,"Este proyecto se ocupa de vincular o armonizar dimensiones entre la EPH y fuentes censales para facilitar análisis comparativos o integrados. Existe para reducir incompatibilidades entre dos universos de datos muy relevantes pero con estructuras y convenciones distintas. Sigue activo porque esa alineación puede habilitar análisis más ricos y productos metodológicamente más sólidos. El progreso real consiste en mejorar correspondencias, justificar mejor los empalmes y producir datasets más consistentes para uso analítico."
48.1,Poverty data pipeline,N,project,"Pipeline central para producir, transformar y servir datos vinculados a pobreza.","Este proyecto organiza el flujo técnico que lleva datos crudos, indicadores y transformaciones hacia una base utilizable para medición o visualización de pobreza. Su motivación es dar robustez y continuidad a uno de tus frentes más importantes de análisis público y producto de datos. Sigue activo porque la calidad del pipeline condiciona la confiabilidad de los resultados, mapas y series que se publiquen. El progreso real se ve cuando el pipeline es más reproducible, más claro y más fácil de mantener o actualizar."
48.2,Poverty Web Maps,N,project,Superficie web cartográfica para publicar y explorar indicadores de pobreza.,"Este proyecto convierte outputs del pipeline de pobreza en una experiencia web navegable, con foco en visualización territorial y acceso más amplio a los resultados. Existe para comunicar mejor información compleja y para dar una forma pública o semipública a trabajo de análisis que de otro modo quedaría en archivos técnicos. Sigue activo porque es una de las superficies más visibles y potencialmente valiosas de esa línea de trabajo. El progreso real consiste en mejorar claridad, cobertura, robustez de publicación y utilidad de exploración."
53,GeoTools Suite,N,project,"Conjunto de herramientas geoespaciales reutilizables para análisis, transformación y publicación territorial.","Este proyecto agrupa utilidades geográficas o geoespaciales que sirven como caja de herramientas para distintos pipelines de mapas, territorio y datos públicos. Su motivación es evitar reimplementar funciones espaciales dispersas y contar con módulos reutilizables para transformación, validación o renderizado territorial. Sigue activo porque varios proyectos dependen de capacidades geoespaciales compartidas. El progreso real consiste en ampliar cobertura útil, mejorar robustez y volver más fácil el reuso de estas herramientas entre proyectos."
54,Elecciones ARG / Peronómetro,N,project,Visualizador electoral que compara desempeños de fuerzas políticas entre elecciones mediante mapas superpuestos.,"Este proyecto es un visualizador de información electoral orientado a comparar el desempeño de distintas fuerzas en distintas elecciones usando un mapa con un deslizador de superposición de izquierda a derecha. La idea es poder poner una fuerza o elección por encima de otra y explorar visualmente diferencias territoriales de manera directa. Existe para convertir datos electorales en una superficie comparativa más intuitiva y expresiva que una tabla estática. Sigue activo porque tiene valor analítico, comunicacional y cívico como producto de datos. El progreso real consiste en mejorar datasets, comparaciones disponibles, robustez del visor y claridad interpretativa del mapa."
O,Lifestyle and Development,,group,"Frente de proyectos orientado a sostener operación personal, bienestar, reflexión y desarrollo cotidiano con más estructura.","Este grupo reúne sistemas que ayudan a gobernar vida diaria, mantenimiento personal, salud, reflexión y hábitos de desarrollo. Su propósito es dar soporte operativo a la persona que ejecuta los demás frentes, reduciendo desorden y mejorando continuidad en capas básicas de funcionamiento. Sigue activo porque una parte del rendimiento sostenido depende de que estas áreas tengan estructuras simples pero confiables. El progreso real en este grupo se ve cuando las herramientas ayudan a mantener orden, seguimiento y aprendizaje sin convertirse en burocracia."
O.1,Household Ops,,group,"Subgrupo para coordinar tareas domésticas, asuntos patrimoniales y operación cotidiana del hogar.","Este subgrupo reúne proyectos dedicados a mantener la casa, las obligaciones domésticas y ciertos asuntos materiales o legales bajo un esquema más visible y gobernable. Existe para que la operación del hogar no dependa solo de memoria informal y para reducir fricción en tareas recurrentes o sensibles. Sigue activo porque estas capas impactan directamente en estabilidad y capacidad de trabajo. El progreso real se ve cuando las tareas son más trazables, los asuntos del hogar están mejor organizados y el sistema ayuda a sostener continuidad."
94,Household Task Manager (routine ops),O,project,"Gestor de tareas del hogar para ordenar mantenimiento, rutinas y pendientes cotidianos.","Este proyecto busca estructurar las tareas recurrentes de la casa y otros pendientes operativos cotidianos en una forma más simple de revisar y sostener. Existe para evitar acumulación invisible de cosas pequeñas que luego interfieren con frentes más importantes, y para dar una superficie mínima de coordinación doméstica. Sigue activo porque la operación diaria mejora mucho cuando lo rutinario deja de depender de improvisación. El progreso real consiste en tener mejor visibilidad de tareas, mejor recurrencia y un sistema que facilite ejecución sin inflarse."
97,Property & Legal Management System,O,project,Sistema para seguir asuntos patrimoniales y legales vinculados a propiedades y conflictos asociados.,"Este proyecto organiza información, seguimiento y documentación vinculados a propiedades, temas legales y decisiones patrimoniales. Su motivación es dar estructura a un frente complejo donde se cruzan documentos, estados, personas y decisiones con posibles consecuencias importantes. Sigue activo porque estos asuntos requieren memoria, orden y trazabilidad, y no toleran bien el manejo puramente informal. El progreso real se ve cuando el sistema permite ubicar mejor documentos, estados y próximos pasos, y mejora la capacidad de actuar con claridad."
O.2,Wellness Stack,,group,"Subgrupo dedicado a seguimiento de salud, medidas personales y marcos de revisión para bienestar sostenido.","Este subgrupo reúne herramientas orientadas a monitorear salud, medidas, señales personales y dinámicas de revisión ligadas a bienestar. Existe para sostener una capa mínima de observación y gobierno personal sin dejar todo librado a sensación subjetiva o memoria parcial. Sigue activo porque la continuidad física y mental condiciona el resto de tu operación. El progreso real se ve cuando estas herramientas permiten registrar mejor, revisar mejor y actuar sobre señales relevantes con bajo esfuerzo."
91,Health Management (Tracker Sheet - Medidas),O,project,Superficie de tracking para registrar medidas y variables relevantes de salud o estado físico.,"Este proyecto se centra en una hoja o sistema de seguimiento donde registrar medidas y otras variables de salud de manera más estable. Existe para pasar de observaciones sueltas a una base mínima de datos personales que permita notar tendencias y sostener decisiones más informadas. Sigue activo porque el seguimiento simple pero constante puede mejorar mucho capacidad de observación sin exigir sistemas complejos. El progreso real consiste en registrar con mayor constancia, mejorar claridad de las variables y usar los datos para revisar mejor tu estado y tus decisiones."
96,Fitness Tracker & Routine Planning,O,project,Sistema para registrar actividad física y planificar rutinas de entrenamiento con más continuidad.,"Este proyecto busca combinar seguimiento de entrenamiento con planificación de rutinas para sostener mejor el trabajo físico en el tiempo. Existe para que el entrenamiento no dependa solo de memoria o motivación del momento, y para permitir cierta observación de progreso y consistencia. Sigue activo porque la actividad física es una pieza importante de tu infraestructura personal y requiere algo de soporte operativo. El progreso real consiste en registrar mejor sesiones, planificar con más realismo y usar esa información para ajustar rutinas de manera útil."
O.3,Reflection Stack,,group,Subgrupo orientado a sostener desarrollo físico y autoobservación mediante herramientas simples de seguimiento.,"Este subgrupo reúne piezas que ayudan a observar progreso personal, especialmente en áreas de entrenamiento físico y desarrollo sostenido. Existe para dar una forma más concreta a procesos que fácilmente quedan en sensación subjetiva o discontinuidad. Sigue activo porque una infraestructura mínima de seguimiento mejora consistencia y aprendizaje sobre tu propia evolución. El progreso real se ve cuando las herramientas permiten revisar mejor rutina, progreso y próximos ajustes."
93,Reflection and Retrospective Framework - governance,O,project,"Framework para gobernar reflexión, retrospectivas y aprendizaje a partir de sesiones y períodos de trabajo.","Este proyecto define una estructura para hacer retrospectivas y reflexión de manera más sistemática, en lugar de dejar esos cierres librados a impulsos o a balance difuso. Su motivación es convertir experiencia vivida en aprendizaje y gobierno operativo, conectando sesiones, semanas o ciclos con decisiones futuras. Sigue activo porque la reflexión bien gobernada mejora reentrada, priorización y calidad de ajuste del sistema personal. El progreso real se ve cuando las retrospectivas son más breves pero más útiles, y cuando realmente informan decisiones posteriores."
89,Capture Manual Product,K,project,"Producto basado en el Capture Manual para que usuarios puedan capturar, enrutar y reutilizar pensamiento desde una app.","Este proyecto busca convertir el Capture Manual en un producto más directamente usable por terceros, probablemente como una app donde usuarios puedan registrar voz o texto y obtener routing, empaquetado y continuidad operativa. Existe para transformar una capacidad ya útil en una superficie comercializable con valor claro para personas que piensan, planifican o trabajan en movimiento. Sigue activo porque hoy ya tiene una hipótesis técnica y comercial razonable y podría derivar en una fuente de ingresos. El progreso real consiste en definir mejor el producto, validar el flujo principal y construir una primera versión que demuestre valor real a usuarios externos."
